Murray.Collection.Identifier,WTSI.sequence.tag,ENA.accession.number,Sample.name,Public.Name,GC.content,Total.sequencing.yield..kbp.,Assembly.total.length..bp.,Assembly.contiguous.sequences..number.,N50,WGS.genus,Salmonella.MLST,Escherichia.coli.MLST,Klebseilla.MLST,mdtM,tetC,acrA,acrB,arnA,bacA,bcr,bl1_ec,bl2be_shv2,bl2e_fpm,bl3_cpha,catA2,catA4,emrD,emrE,fosA,ksgA,macB,mdfA,mdtE,mdtF,mdtG,mdtH,mdtK,mdtL,mdtN,mdtO,mdtP,mexB,pbp2,tetJ,tolC,Number.detected,Plasmid.1,Plasmid.2,Plasmid.3,Plasmid.4,Plasmid.5,Date,Year,Source
M291,8476_1#2,ERS174279,NCTC-M291 5904798,NCTC20007,50.3,228848,5223254,205,80720,Escherichia/Shigella,,59,,Present,Absent,Present,Present,Present,Present,Present,Present,Absent,Absent,Absent,Absent,Absent,Absent,Present,Absent,Present,Present,Present,Present,Present,Present,Present,Present,Present,Present,Present,Present,Absent,Absent,Absent,Present,2,Col_BS512__1a__NC_010656,IncB_O_K_Z_2_GU256641,,,,06/06/1937,1937,Faeces nursling
M20,8476_1#1,ERS174283,NCTC-M20 5904802,NCTC20015,50.15,211366,5258828,126,335798,Escherichia/Shigella,,12,,Present,Absent,Present,Present,Present,Present,Present,Present,Absent,Absent,Absent,Absent,Absent,Absent,Present,Absent,Present,Present,Present,Present,Present,Present,Present,Present,Present,Present,Present,Present,Absent,Absent,Absent,Present,2,IncFIB_AP001918__1__AP001918,IncFII_1__AY458016,,,,24/09/1934,1934,"Blood culture, puerpural sepsis"
M116,9471_7#80,ERS203191,NCTC_M116 6838873,NCTC20186,49.9,420799,4065045,567,14549,Escherichia/Shigella,,260,,Present,Absent,Present,Present,Present,Present,Present,Present,Absent,Absent,Absent,Absent,Absent,Absent,Absent,Absent,Present,Present,Present,Present,Present,Present,Present,Present,Present,Absent,Absent,Absent,Absent,Absent,Absent,Present,0,,,,,,18/02/1919,1919,
M181,9803_5#71,ERS222810,NCTC_M181 7223008,NCTC20333,49.9,301876,4647700,313,38170,Escherichia/Shigella,,628,,Absent,Absent,Present,Present,Present,Present,Present,Present,Absent,Absent,Absent,Absent,Absent,Absent,Present,Absent,Present,Present,Present,Present,Present,Present,Present,Present,Present,Present,Present,Present,Absent,Absent,Absent,Present,0,,,,,,18/02/1918,1918,
M91,9471_7#73,ERS203184,NCTC_M91 6838789,NCTC20178,49.95,382549,4598709,320,34632,Escherichia/Shigella,,628,,Absent,Absent,Present,Present,Present,Present,Present,Present,Absent,Absent,Absent,Absent,Absent,Absent,Present,Absent,Present,Present,Present,Present,Present,Present,Present,Present,Present,Present,Present,Present,Absent,Absent,Absent,Present,0,,,,,,01/01/1920,1920,
M108,9471_7#45,ERS203156,NCTC_M108 6838833,NCTC20245,50.1,462271,5293471,183,140154,Escherichia/Shigella,,ND,,Present,Absent,Present,Present,Present,Present,Present,Present,Absent,Absent,Absent,Absent,Absent,Absent,Present,Absent,Present,Present,Present,Present,Present,Present,Present,Present,Present,Present,Present,Present,Absent,Absent,Absent,Present,3,ColpVC_1__JX133088,IncFIB_AP001918__1__AP001918,p0111_1__AP010962,,,05/04/1940,1940,Peripelvic abscess
M188,9471_7#86,ERS203197,NCTC_M188 6838850,NCTC20205,50.1,407705,4063553,532,14204,Escherichia/Shigella,,260,,Present,Absent,Present,Present,Present,Present,Present,Present,Absent,Absent,Absent,Absent,Absent,Absent,Absent,Absent,Present,Present,Present,Present,Present,Present,Present,Present,Present,Absent,Absent,Absent,Absent,Absent,Absent,Present,0,,,,,,18/02/1919,1919,
M664,9471_7#55,ERS203166,NCTC_M664 6838858,NCTC20307,50.15,410301,5303854,172,96200,Escherichia/Shigella,,ND,,Present,Absent,Present,Present,Present,Present,Present,Present,Absent,Absent,Absent,Absent,Absent,Absent,Present,Absent,Present,Present,Present,Present,Present,Present,Present,Present,Present,Present,Present,Present,Absent,Absent,Absent,Present,1,IncFIB_AP001918__1__AP001918,,,,,,ND,
M663,9471_7#56,ERS203167,NCTC_M663 6838870,NCTC20306,50.15,397939,5292002,172,109441,Escherichia/Shigella,,ND,,Present,Absent,Present,Present,Present,Present,Present,Present,Absent,Absent,Absent,Absent,Absent,Absent,Present,Absent,Present,Present,Present,Present,Present,Present,Present,Present,Present,Present,Present,Present,Absent,Absent,Absent,Present,1,IncFIB_AP001918__1__AP001918,,,,,,ND,Rectal abscess
M615,9776_2#93,ERS203109,NCTC_M615 6836966,NCTC20286,50.15,496263,5317139,133,107399,Escherichia/Shigella,,ND,,Present,Absent,Present,Present,Present,Present,Present,Present,Absent,Absent,Absent,Absent,Absent,Absent,Present,Absent,Present,Present,Present,Present,Present,Present,Present,Present,Present,Present,Present,Present,Absent,Absent,Absent,Present,1,IncFIB_AP001918__1__AP001918,,,,,,ND,
M632,9776_2#86,ERS203102,NCTC_M632 6836977,NCTC20293,50.15,506160,4624360,63,142731,Escherichia/Shigella,,10,,Present,Absent,Present,Present,Present,Present,Present,Present,Absent,Absent,Absent,Absent,Absent,Absent,Present,Absent,Present,Present,Present,Present,Present,Present,Present,Present,Present,Present,Present,Present,Absent,Absent,Absent,Present,1,IncI1_1_Alpha_AP005147,,,,,,ND,
M137,9803_5#21,ERS222760,NCTC_M137 7222978,NCTC20326,50.15,359691,4869264,392,32700,Escherichia/Shigella,,152,,Absent,Absent,Present,Present,Present,Present,Present,Present,Absent,Absent,Absent,Absent,Absent,Absent,Present,Absent,Present,Present,Present,Present,Present,Present,Present,Present,Present,Present,Present,Present,Absent,Absent,Absent,Present,4,Col_BS512__1__NC_010656,Col_BS512__1a__NC_010656,Col156_1__NC_009781,IncI1_1_Alpha_AP005147,,23/09/1937,1937,
M251,9803_5#31,ERS222770,NCTC_M251 7223003,NCTC20354,50.15,291717,5279646,193,55950,Escherichia/Shigella,,2348,,Present,Absent,Present,Present,Present,Present,Present,Present,Absent,Absent,Absent,Absent,Absent,Absent,Present,Absent,Present,Present,Present,Present,Present,Present,Present,Present,Present,Present,Present,Present,Absent,Absent,Absent,Present,2,Col156_1__NC_009781,IncFII_29__1_pUTI89_CP003035,,,,13/08/1921,1921,
M228,8939_4#63,ERS179736,NCTC_M228,NCTC20079,50.15,286701,5260118,117,224062,Escherichia/Shigella,,ND,,Absent,Absent,Present,Present,Present,Present,Present,Present,Absent,Absent,Absent,Absent,Absent,Absent,Present,Absent,Present,Present,Present,Present,Present,Present,Present,Present,Present,Present,Present,Present,Absent,Absent,Absent,Present,0,,,,,,,ND,Stool
M59,8939_4#74,ERS179747,NCTC_M59,NCTC20035,50.15,238330,4535403,278,32892,Escherichia/Shigella,,628,,Absent,Absent,Present,Present,Present,Present,Present,Present,Absent,Absent,Absent,Absent,Absent,Absent,Present,Absent,Present,Present,Present,Present,Present,Present,Present,Present,Present,Present,Present,Present,Absent,Absent,Absent,Present,0,,,,,,25/10/1918,1918,
M127,8939_4#84,ERS179757,NCTC_M127,NCTC20055,50.15,289183,4970668,67,232622,Escherichia/Shigella,,ND,,Absent,Absent,Present,Present,Present,Present,Present,Present,Absent,Absent,Absent,Absent,Absent,Absent,Present,Absent,Present,Present,Present,Present,Present,Present,Present,Present,Present,Present,Present,Present,Absent,Absent,Absent,Present,0,,,,,,14/01/1934,1934,Urine
M128,8939_4#92,ERS179765,NCTC_M128,NCTC20055,50.15,305359,4969933,67,226696,Escherichia/Shigella,,ND,,Absent,Absent,Present,Present,Present,Present,Present,Present,Absent,Absent,Absent,Absent,Absent,Absent,Present,Absent,Present,Present,Present,Present,Present,Present,Present,Present,Present,Present,Present,Present,Absent,Absent,Absent,Present,0,,,,,,14/01/1934,1934,Urine
M183,9471_7#85,ERS203196,NCTC_M183 6838838,NCTC20203,50.15,450528,4704021,391,30139,Escherichia/Shigella,,273,,Absent,Absent,Present,Present,Present,Present,Present,Present,Absent,Absent,Absent,Absent,Absent,Absent,Absent,Absent,Present,Present,Present,Present,Present,Present,Present,Present,Present,Present,Present,Present,Absent,Absent,Absent,Present,0,,,,,,30/07/1919,1919,
M167,9803_5#42,ERS222781,NCTC_M167 7222945,NCTC20329,50.2,346106,4273570,382,22633,Escherichia/Shigella,,145,,Present,Absent,Present,Present,Present,Present,Present,Present,Absent,Absent,Absent,Absent,Absent,Absent,Absent,Absent,Present,Present,Present,Present,Present,Present,Present,Present,Present,Present,Present,Present,Absent,Absent,Absent,Present,1,ColpVC_1__JX133088,,,,,04/03/1943,1943,
M265,9803_5#15,ERS222754,NCTC_M265 7223001,NCTC20003,50.2,319047,5251165,184,93298,Escherichia/Shigella,,10,,Present,Absent,Present,Present,Present,Present,Present,Present,Absent,Absent,Absent,Absent,Absent,Absent,Present,Absent,Present,Present,Present,Present,Present,Present,Present,Present,Present,Present,Present,Present,Absent,Absent,Absent,Present,4,Col_BS512__1a__NC_010656,IncI1_1_Alpha_AP005147,IncI2_1_Delta_AP002527,IncX4_2__FN543504,,01/02/1934,1934,
M616,9776_2#92,ERS203108,NCTC_M616 6836954,NCTC20287,50.2,519448,5114577,80,369379,Escherichia/Shigella,,73,,Absent,Absent,Present,Present,Present,Present,Present,Present,Absent,Absent,Absent,Absent,Absent,Absent,Present,Absent,Present,Present,Present,Present,Present,Present,Present,Present,Present,Present,Present,Present,Absent,Absent,Absent,Present,0,,,,,,,ND,Urine
M148,9803_5#28,ERS222767,NCTC_M148 7222967,NCTC20327,50.2,255350,4440144,263,40758,Escherichia/Shigella,,628,,Absent,Absent,Present,Present,Present,Present,Present,Present,Absent,Absent,Absent,Absent,Absent,Absent,Present,Absent,Present,Present,Present,Present,Present,Present,Present,Present,Present,Present,Present,Present,Absent,Absent,Absent,Present,0,,,,,,10/06/1918,1918,
M678,9471_7#51,ERS203162,NCTC_M678 6838810,NCTC20311,50.25,435296,5325289,156,103466,Escherichia/Shigella,,ND,,Present,Absent,Present,Present,Present,Present,Present,Present,Absent,Absent,Absent,Absent,Absent,Absent,Present,Absent,Present,Present,Present,Present,Present,Present,Present,Present,Present,Present,Present,Present,Absent,Absent,Absent,Present,1,IncFIB_AP001918__1__AP001918,,,,,,ND,
M677,9471_7#52,ERS203163,NCTC_M677 6838822,NCTC20310,50.25,432391,5326149,175,108172,Escherichia/Shigella,,ND,,Present,Absent,Present,Present,Present,Present,Present,Present,Absent,Absent,Absent,Absent,Absent,Absent,Present,Absent,Present,Present,Present,Present,Present,Present,Present,Present,Present,Present,Present,Present,Absent,Absent,Absent,Present,1,IncFIB_AP001918__1__AP001918,,,,,,ND,
M613,9776_2#95,ERS203111,NCTC_M613 6836990,NCTC20284,50.25,414214,5348556,170,113910,Escherichia/Shigella,,ND,,Present,Absent,Present,Present,Present,Present,Present,Present,Absent,Absent,Absent,Absent,Absent,Absent,Present,Absent,Present,Present,Present,Present,Present,Present,Present,Present,Present,Present,Present,Present,Absent,Absent,Absent,Present,1,IncFIB_AP001918__1__AP001918,,,,,,ND,Urine
M679,9471_7#50,ERS203161,NCTC_M679 6838798,NCTC20312,50.25,455034,5375983,292,60481,Escherichia/Shigella,,405,,Present,Absent,Present,Present,Present,Present,Present,Present,Absent,Absent,Absent,Absent,Absent,Absent,Present,Absent,Present,Present,Present,Present,Present,Present,Present,Present,Present,Present,Present,Present,Absent,Absent,Absent,Present,1,IncFII_29__1_pUTI89_CP003035,,,,,15/01/1934,1934,"Stool, colitis in a child"
M680,9471_7#49,ERS203160,NCTC_M680 6838786,NCTC20313,50.25,567303,5376393,247,64406,Escherichia/Shigella,,405,,Present,Absent,Present,Present,Present,Present,Present,Present,Absent,Absent,Absent,Absent,Absent,Absent,Present,Absent,Present,Present,Present,Present,Present,Present,Present,Present,Present,Present,Present,Present,Absent,Absent,Absent,Present,2,Col156_1__NC_009781,IncFII_29__1_pUTI89_CP003035,,,,15/01/1934,1934,"Stool, colitis in a child"
M178,9471_7#84,ERS203195,NCTC_M178 6838826,NCTC20201,50.25,415642,5131153,213,67749,Escherichia/Shigella,,2348,,Present,Absent,Present,Present,Present,Present,Present,Present,Absent,Absent,Absent,Absent,Absent,Absent,Present,Absent,Present,Present,Present,Present,Present,Present,Present,Present,Present,Present,Present,Present,Absent,Absent,Absent,Present,2,Col156_1__NC_009781,IncFII_29__1_pUTI89_CP003035,,,,16/04/1925,1925,
M266,9803_5#22,ERS222761,NCTC_M266 7222990,NCTC20004,50.25,316950,5144782,178,99276,Escherichia/Shigella,,10,,Present,Absent,Present,Present,Present,Present,Present,Present,Absent,Absent,Absent,Absent,Absent,Absent,Present,Absent,Present,Present,Present,Present,Present,Present,Present,Present,Present,Present,Present,Present,Absent,Absent,Absent,Present,4,Col_BS512__1a__NC_010656,IncI1_1_Alpha_AP005147,IncI2_1_Delta_AP002527,IncX4_2__FN543504,,01/02/1934,1934,
M110,9803_5#83,ERS222822,NCTC_M110 7222962,NCTC20322,50.3,273534,4347255,302,32872,Escherichia/Shigella,,1024,,Absent,Absent,Present,Present,Present,Present,Present,Present,Absent,Absent,Absent,Absent,Absent,Absent,Present,Absent,Present,Present,Present,Present,Present,Present,Present,Present,Present,Present,Present,Present,Absent,Absent,Absent,Present,1,ColpVC_1__JX133088,,,,,25/10/1918,1918,
M177,8939_4#78,ERS179751,NCTC_M177,NCTC20073,50.3,291199,5288621,178,85921,Escherichia/Shigella,,59,,Present,Absent,Present,Present,Present,Present,Present,Present,Absent,Absent,Absent,Absent,Absent,Absent,Present,Absent,Present,Present,Present,Present,Present,Present,Present,Present,Present,Present,Present,Present,Absent,Absent,Absent,Present,4,Col_BS512__1a__NC_010656,Col156_1__NC_009781,ColpVC_1__JX133088,IncFII_29__1_pUTI89_CP003035,,05/05/1941,1941,
M314,9803_5#66,ERS222805,NCTC_M314 7222948,NCTC20359,50.3,318276,5245759,157,88161,Escherichia/Shigella,,59,,Present,Absent,Present,Present,Present,Present,Present,Present,Absent,Absent,Absent,Absent,Absent,Absent,Present,Absent,Present,Present,Present,Present,Present,Present,Present,Present,Present,Present,Present,Present,Absent,Absent,Absent,Present,3,Col_BS512__1a__NC_010656,Col156_1__NC_009781,IncFII_29__1_pUTI89_CP003035,,,04/09/1935,1935,
M323,9803_5#4,ERS222743,NCTC_M323 7222964,NCTC20362,50.3,305250,5142628,138,104384,Escherichia/Shigella,,59,,Present,Absent,Present,Present,Present,Present,Present,Present,Absent,Absent,Absent,Absent,Absent,Absent,Absent,Absent,Present,Present,Present,Present,Present,Present,Present,Present,Present,Present,Present,Present,Absent,Absent,Absent,Present,2,Col_BS512__1a__NC_010656,IncFII_29__1_pUTI89_CP003035,,,,29/06/1939,1939,
M391,9803_5#19,ERS222758,NCTC_M391 7222954,NCTC20369,50.3,317162,4362173,305,33329,Escherichia/Shigella,,245,,Absent,Absent,Present,Present,Present,Present,Present,Present,Absent,Absent,Absent,Absent,Absent,Absent,Present,Absent,Present,Present,Present,Present,Present,Present,Present,Present,Present,Present,Present,Present,Absent,Absent,Absent,Present,0,,,,,,25/02/1935,1935,
M649,9803_5#64,ERS222803,NCTC_M649 7223019,NCTC20013,50.3,276613,4978554,76,298721,Escherichia/Shigella,,95,,Absent,Present,Present,Present,Present,Present,Present,Present,Absent,Absent,Absent,Absent,Absent,Absent,Present,Absent,Present,Present,Present,Present,Present,Present,Present,Present,Present,Present,Present,Present,Absent,Absent,Absent,Present,0,,,,,,09/01/1932,1932,Blood
M233,9803_5#67,ERS222806,NCTC_M233 7222960,NCTC20345,50.3,277217,4245734,318,28709,Escherichia/Shigella,,ND,,Absent,Absent,Present,Present,Present,Present,Present,Present,Absent,Absent,Absent,Absent,Absent,Absent,Present,Absent,Present,Present,Present,Present,Present,Present,Present,Present,Present,Present,Present,Present,Absent,Absent,Absent,Present,0,,,,,,22/02/1933,1933,
M631,9776_2#87,ERS203103,NCTC_M631 6836989,NCTC20292,50.35,414271,4622161,64,177502,Escherichia/Shigella,,10,,Present,Absent,Present,Present,Present,Present,Present,Present,Absent,Absent,Absent,Absent,Absent,Absent,Present,Absent,Present,Present,Present,Present,Present,Present,Present,Present,Present,Present,Present,Present,Absent,Absent,Absent,Present,1,IncI1_1_Alpha_AP005147,,,,,,ND,
M620,9776_2#88,ERS203104,NCTC_M620 6837001,NCTC20291,50.35,449963,4930351,156,79307,Escherichia/Shigella,,ND,,Present,Absent,Present,Present,Present,Present,Present,Present,Absent,Absent,Absent,Absent,Absent,Absent,Present,Absent,Present,Present,Present,Present,Present,Present,Present,Present,Present,Absent,Absent,Absent,Absent,Absent,Absent,Present,1,IncY_1__K02380,,,,,05/12/1933,1933,
M619,9776_2#89,ERS203105,NCTC_M619 6836918,NCTC20290,50.35,529391,4959994,148,82158,Escherichia/Shigella,,ND,,Present,Absent,Present,Present,Present,Present,Present,Present,Absent,Absent,Absent,Absent,Absent,Absent,Present,Absent,Present,Present,Present,Present,Present,Present,Present,Present,Present,Absent,Absent,Absent,Absent,Absent,Absent,Present,1,IncY_1__K02380,,,,,05/12/1933,1933,
M338,9803_5#62,ERS222801,NCTC_M338 7222995,NCTC20363,50.35,304979,4258538,297,33246,Escherichia/Shigella,,245,,Absent,Absent,Present,Present,Present,Present,Present,Present,Absent,Absent,Absent,Absent,Absent,Absent,Present,Absent,Present,Present,Present,Present,Present,Present,Present,Present,Present,Present,Present,Present,Absent,Absent,Absent,Present,2,Col_BS512__1__NC_010656,Col_BS512__1a__NC_010656,,,,25/09/1934,1934,
M409,9803_5#76,ERS222815,NCTC_M409 7222973,NCTC20371,50.35,271412,4657942,361,28880,Escherichia/Shigella,,152,,Absent,Absent,Present,Present,Present,Present,Present,Present,Absent,Absent,Absent,Absent,Absent,Absent,Present,Absent,Present,Present,Present,Present,Present,Present,Present,Present,Present,Present,Present,Present,Absent,Absent,Absent,Present,4,Col_BS512__1__NC_010656,Col_BS512__1a__NC_010656,Col156_1__NC_009781,IncI1_1_Alpha_AP005147,,02/04/1937,1937,
M315,9803_5#73,ERS222812,NCTC_M315 7222937,NCTC20360,50.35,272430,5301258,170,97095,Escherichia/Shigella,,59,,Present,Absent,Present,Present,Present,Present,Present,Present,Absent,Absent,Absent,Absent,Absent,Absent,Present,Absent,Present,Present,Present,Present,Present,Present,Present,Present,Present,Present,Present,Present,Absent,Absent,Absent,Present,3,Col_BS512__1__NC_010656,Col_BS512__1a__NC_010656,IncFII_29__1_pUTI89_CP003035,,,04/09/1935,1935,
M41,8939_4#2,ERS179675,NCTC_M41,NCTC20026,50.35,324909,5226509,172,104576,Escherichia/Shigella,,59,,Present,Absent,Present,Present,Present,Present,Present,Present,Absent,Absent,Absent,Absent,Absent,Absent,Absent,Absent,Present,Present,Present,Present,Present,Present,Present,Present,Present,Present,Present,Present,Absent,Absent,Absent,Present,5,Col_BS512__1a__NC_010656,Col_MP18__1__NC_013652,Col156_1__NC_009781,IncB_O_K_Z_2_GU256641,IncFII_29__1_pUTI89_CP003035,21/03/1934,1934,
M401,9776_2#44,ERS203060,NCTC_M401 6836948,NCTC20125,50.35,467302,5311858,177,88926,Escherichia/Shigella,,59,,Present,Absent,Present,Present,Present,Present,Present,Present,Absent,Absent,Absent,Absent,Absent,Absent,Present,Absent,Present,Present,Present,Present,Present,Present,Present,Present,Present,Present,Present,Present,Absent,Absent,Absent,Present,3,Col_BS512__1a__NC_010656,Col156_1__NC_009781,IncFII_29__1_pUTI89_CP003035,,,16/07/1932,1932,Urine
M429,9776_2#50,ERS203066,NCTC_M429 6836925,NCTC20132,50.35,515604,5178170,177,89782,Escherichia/Shigella,,59,,Present,Absent,Present,Present,Present,Present,Present,Present,Absent,Absent,Absent,Absent,Absent,Absent,Absent,Absent,Present,Present,Present,Present,Present,Present,Present,Present,Present,Present,Present,Present,Absent,Absent,Absent,Present,3,Col_BS512__1a__NC_010656,Col156_1__NC_009781,IncFII_29__1_pUTI89_CP003035,,,01/08/1932,1932,Blood culture
M292,9776_2#9,ERS203025,NCTC_M292 6836908,NCTC20099,50.35,547629,5270474,162,108078,Escherichia/Shigella,,59,,Present,Absent,Present,Present,Present,Present,Present,Present,Absent,Absent,Absent,Absent,Absent,Absent,Present,Absent,Present,Present,Present,Present,Present,Present,Present,Present,Present,Present,Present,Present,Absent,Absent,Absent,Present,3,Col_BS512__1a__NC_010656,ColpVC_1__JX133088,IncFII_29__1_pUTI89_CP003035,,,04/01/1932,1932,
M297,9776_2#11,ERS203027,NCTC_M297 6836932,NCTC20101,50.35,532451,4972051,205,78800,Escherichia/Shigella,,59,,Present,Absent,Present,Present,Present,Present,Present,Present,Absent,Absent,Absent,Absent,Absent,Absent,Absent,Absent,Present,Present,Present,Present,Present,Present,Present,Present,Present,Present,Present,Present,Absent,Absent,Absent,Present,1,Col_BS512__1a__NC_010656,,,,,06/06/1937,1937,Urine (M.F. L.) 
M114,9471_7#79,ERS203190,NCTC_M114 6838861,NCTC20184,50.35,347188,4264737,312,29579,Escherichia/Shigella,,ND,,Absent,Absent,Present,Present,Present,Present,Present,Present,Absent,Absent,Absent,Absent,Absent,Absent,Present,Absent,Present,Present,Present,Present,Present,Present,Present,Present,Present,Present,Present,Present,Absent,Absent,Absent,Present,0,,,,,,13/08/1921,1921,
M618,9776_2#90,ERS203106,NCTC_M618 6836930,NCTC20289,50.35,549378,4908610,68,258126,Escherichia/Shigella,,95,,Absent,Absent,Present,Present,Present,Present,Present,Present,Absent,Absent,Absent,Absent,Absent,Absent,Present,Absent,Present,Present,Present,Present,Present,Present,Present,Present,Present,Present,Present,Present,Absent,Absent,Absent,Present,0,,,,,,09/01/1932,1932,Blood
M190,9803_5#2,ERS222741,NCTC_M190 7222940,NCTC20335,50.35,370377,4258711,281,35117,Escherichia/Shigella,,245,,Absent,Absent,Present,Present,Present,Present,Present,Present,Absent,Absent,Absent,Absent,Absent,Absent,Present,Absent,Present,Present,Absent,Present,Present,Present,Present,Present,Present,Present,Present,Present,Absent,Absent,Absent,Present,0,,,,,,07/12/1917,1917,
M364,9803_5#39,ERS222778,NCTC_M364 7223004,NCTC20366,50.35,302301,4416619,316,30259,Escherichia/Shigella,,245,,Absent,Absent,Present,Present,Present,Present,Present,Present,Absent,Absent,Absent,Absent,Absent,Absent,Present,Absent,Present,Present,Present,Present,Present,Present,Present,Present,Present,Present,Present,Present,Absent,Absent,Absent,Present,0,,,,,,13/09/1935,1935,
M173,9803_5#49,ERS222788,NCTC_M173 7222934,NCTC20330,50.4,318084,4251296,369,22169,Escherichia/Shigella,,145,,Present,Absent,Present,Present,Present,Present,Present,Present,Absent,Absent,Absent,Absent,Absent,Absent,Absent,Absent,Present,Present,Present,Present,Present,Present,Present,Present,Present,Present,Present,Present,Absent,Absent,Absent,Present,1,ColpVC_1__JX133088,,,,,04/03/1943,1943,
M143,8939_4#77,ERS179750,NCTC_M143,NCTC20063,50.4,296707,4870806,168,82810,Escherichia/Shigella,,10,,Present,Absent,Present,Present,Present,Present,Present,Present,Absent,Absent,Absent,Absent,Absent,Absent,Absent,Absent,Present,Present,Present,Present,Present,Present,Present,Present,Present,Present,Present,Present,Absent,Absent,Absent,Present,1,IncI1_1_Alpha_AP005147,,,,,26/09/1935,1935,Stool
M423,9803_5#47,ERS222786,NCTC_M423 7223005,NCTC20374,50.4,312584,4263171,309,30107,Escherichia/Shigella,,245,,Absent,Absent,Present,Present,Present,Present,Present,Present,Absent,Absent,Absent,Absent,Absent,Absent,Present,Absent,Present,Present,Present,Present,Present,Present,Present,Present,Present,Present,Present,Present,Absent,Absent,Absent,Present,2,Col_BS512__1__NC_010656,Col_BS512__1a__NC_010656,,,,12/11/1935,1935,
M129,9803_5#14,ERS222753,NCTC_M129 7222989,NCTC20325,50.4,315682,4414019,299,33746,Escherichia/Shigella,,245,,Absent,Absent,Present,Present,Present,Present,Present,Present,Absent,Absent,Absent,Absent,Absent,Absent,Present,Absent,Present,Present,Present,Present,Present,Present,Present,Present,Present,Present,Present,Present,Absent,Absent,Absent,Present,0,,,,,,11/12/1919,1919,
M629,9517_1#4,ERS203210,NCTC_M629 6670694,NCTC20236,50.45,863761,5249684,179,86765,Escherichia/Shigella,,59,,Present,Absent,Present,Present,Present,Present,Present,Present,Absent,Absent,Absent,Absent,Absent,Absent,Present,Absent,Present,Present,Present,Present,Present,Present,Present,Present,Present,Present,Present,Present,Absent,Absent,Absent,Present,3,Col_BS512__1a__NC_010656,Col156_1__NC_009781,IncFII_29__1_pUTI89_CP003035,,,,ND,
M95,9471_7#74,ERS203185,NCTC_M95 6838801,NCTC20179,50.45,435345,4358303,302,31400,Escherichia/Shigella,,245,,Absent,Absent,Present,Present,Present,Present,Present,Present,Absent,Absent,Absent,Absent,Absent,Absent,Present,Absent,Present,Present,Present,Present,Present,Present,Present,Present,Present,Present,Present,Present,Absent,Absent,Absent,Present,0,,,,,,11/12/1919,1919,"From Prof. F. W. Andrewes, obtained from TJ¯TTA; Norway I W ""Anderson"":TJOTTA's Grp II"
M300,9776_2#12,ERS203028,NCTC_M300 6836944,NCTC20102,50.45,491421,5069032,149,104199,Escherichia/Shigella,,10,,Present,Absent,Present,Present,Present,Present,Present,Present,Absent,Absent,Absent,Absent,Absent,Absent,Present,Absent,Present,Present,Present,Present,Present,Present,Present,Present,Present,Present,Present,Present,Absent,Absent,Absent,Present,0,,,,,,11/02/1936,1936,Stool from typhoid case
M34,9803_5#18,ERS222757,NCTC_M34 7222942,NCTC20319,50.45,343365,4417622,288,30931,Escherichia/Shigella,,631,,Absent,Absent,Present,Present,Present,Present,Present,Present,Absent,Absent,Absent,Absent,Absent,Absent,Present,Absent,Present,Present,Present,Present,Present,Present,Present,Present,Present,Present,Present,Present,Absent,Absent,Absent,Present,0,,,,,,13/09/1918,1918,
M633,9471_7#68,ERS203179,NCTC_M633 6838824,NCTC20294,50.5,468134,5051122,118,103861,Escherichia/Shigella,,ND,,Present,Absent,Present,Present,Present,Present,Present,Present,Absent,Absent,Absent,Absent,Absent,Absent,Present,Absent,Present,Present,Present,Present,Present,Present,Present,Present,Present,Present,Present,Present,Absent,Absent,Absent,Present,1,IncFII_1__AY458016,,,,,05/02/1934,1934,"Lemoine, Urine"
M648B,9471_7#59,ERS203170,NCTC_M648B 6838811,NCTC20303,50.5,448815,4881189,265,42913,Escherichia/Shigella,,ND,,Present,Absent,Present,Present,Present,Present,Present,Present,Absent,Absent,Absent,Absent,Absent,Absent,Present,Absent,Present,Present,Present,Present,Present,Present,Present,Present,Present,Present,Present,Present,Absent,Absent,Absent,Present,1,IncY_1__K02380,,,,,05/02/1934,1934,
M647,9471_7#61,ERS203172,NCTC_M647 6838835,NCTC20301,50.5,418033,4792149,224,46990,Escherichia/Shigella,,ND,,Present,Absent,Present,Present,Present,Present,Present,Present,Absent,Absent,Absent,Absent,Absent,Absent,Present,Absent,Present,Present,Present,Present,Present,Present,Present,Present,Present,Present,Present,Present,Absent,Absent,Absent,Present,1,IncY_1__K02380,,,,,30/11/1933,1933,"CSF, Lemoine"
M240,9803_5#74,ERS222813,NCTC_M240 7222949,NCTC20349,50.5,303544,4691819,365,28763,Escherichia/Shigella,,152,,Absent,Absent,Present,Present,Present,Present,Present,Present,Absent,Absent,Absent,Absent,Absent,Absent,Present,Absent,Present,Present,Present,Present,Present,Present,Present,Present,Present,Present,Present,Present,Absent,Absent,Absent,Present,4,Col_BS512__1__NC_010656,Col_BS512__1a__NC_010656,Col156_1__NC_009781,IncI1_1_Alpha_AP005147,,23/09/1937,1937,
M293,9776_2#10,ERS203026,NCTC_M293 6836920,NCTC20100,50.5,437988,5266738,202,89295,Escherichia/Shigella,,59,,Present,Absent,Present,Present,Present,Present,Present,Present,Absent,Absent,Absent,Absent,Absent,Absent,Present,Absent,Present,Present,Present,Present,Present,Present,Present,Present,Present,Present,Present,Present,Absent,Absent,Absent,Present,4,Col_BS512__1a__NC_010656,Col156_1__NC_009781,ColpVC_1__JX133088,IncFII_29__1_pUTI89_CP003035,,04/01/1932,1932,
M256,8939_4#24,ERS179697,NCTC_M256,NCTC20083,50.5,309166,5097956,124,133487,Escherichia/Shigella,,ND,,Present,Present,Present,Present,Present,Present,Present,Present,Absent,Absent,Absent,Absent,Absent,Absent,Absent,Absent,Present,Present,Present,Present,Present,Present,Present,Present,Present,Present,Present,Present,Absent,Absent,Absent,Present,3,IncFIA_1__AP001918,IncFIB_AP001918__1__AP001918,IncFIB_AP001918__1__AP001918,,,04/07/1930,1930,
M196,9803_5#23,ERS222762,NCTC_M196 7223002,NCTC20338,50.5,314604,4879070,389,28891,Escherichia/Shigella,,152,,Absent,Absent,Present,Present,Present,Present,Present,Present,Absent,Absent,Absent,Absent,Absent,Absent,Present,Absent,Present,Present,Present,Present,Present,Present,Present,Present,Present,Present,Present,Present,Absent,Absent,Absent,Present,2,Col156_1__NC_009781,IncI1_1_Alpha_AP005147,,,,23/09/1937,1937,
M634,9471_7#67,ERS203178,NCTC_M634 6838812,NCTC20295,50.5,425100,5070509,190,72274,Escherichia/Shigella,,ND,,Present,Present,Present,Present,Present,Present,Present,Present,Absent,Absent,Absent,Absent,Absent,Absent,Present,Absent,Present,Present,Present,Present,Present,Present,Present,Present,Present,Present,Present,Present,Absent,Absent,Absent,Present,2,IncFIB_pECLA__1_pECLA_CP001919,IncY_1__K02380,,,,30/11/1931,1931,"CSF, Lemoine"
M163,8939_4#54,ERS179727,NCTC_M163,NCTC20070,50.5,289237,4824944,171,76452,Escherichia/Shigella,,ND,,Present,Absent,Present,Present,Present,Present,Present,Present,Absent,Absent,Absent,Absent,Absent,Absent,Present,Absent,Present,Present,Present,Present,Present,Present,Present,Present,Present,Present,Present,Present,Absent,Absent,Absent,Present,0,,,,,,30/11/1933,1933,Cerebrospinal fluid
M614,9776_2#94,ERS203110,NCTC_M614 6836978,NCTC20285,50.5,496983,5033682,182,92370,Escherichia/Shigella,,746,,Present,Absent,Present,Present,Present,Present,Present,Present,Absent,Absent,Absent,Absent,Absent,Absent,Present,Absent,Present,Present,Present,Present,Present,Present,Present,Present,Present,Present,Present,Present,Absent,Absent,Absent,Present,0,,,,,,,ND,Stool
M361,9803_5#32,ERS222771,NCTC_M361 7223015,NCTC20365,50.5,303914,4345294,311,33691,Escherichia/Shigella,,245,,Absent,Absent,Present,Present,Present,Present,Present,Present,Absent,Absent,Absent,Absent,Absent,Absent,Present,Absent,Present,Present,Present,Present,Present,Present,Present,Present,Present,Present,Present,Present,Absent,Absent,Absent,Present,0,,,,,,25/02/1935,1935,
M655,9803_5#41,ERS222780,NCTC_M655 7222933,NCTC20387,50.5,332917,4280414,386,22329,Escherichia/Shigella,,145,,Present,Absent,Present,Present,Present,Present,Present,Present,Absent,Absent,Absent,Absent,Absent,Absent,Absent,Absent,Present,Present,Present,Present,Present,Present,Present,Present,Present,Present,Present,Present,Absent,Absent,Absent,Present,0,,,,,,16/03/1937,1937,
M174,9803_5#56,ERS222795,NCTC_M174 7223018,NCTC20331,50.5,247826,4361619,301,29574,Escherichia/Shigella,,245,,Absent,Absent,Present,Present,Present,Present,Present,Present,Absent,Absent,Absent,Absent,Absent,Absent,Present,Absent,Present,Present,Present,Present,Present,Present,Present,Present,Present,Present,Present,Present,Absent,Absent,Absent,Present,0,,,,,,10/06/1918,1918,
M31,9803_5#59,ERS222798,NCTC_M31 7222959,NCTC20317,50.5,331679,4256697,284,35169,Escherichia/Shigella,,245,,Absent,Absent,Present,Present,Present,Present,Present,Present,Absent,Absent,Absent,Absent,Absent,Absent,Absent,Absent,Present,Present,Present,Present,Present,Present,Present,Present,Present,Present,Present,Present,Absent,Absent,Absent,Present,0,,,,,,04/02/1918,1918,
M340,9803_5#60,ERS222799,NCTC_M340 7222971,NCTC20364,50.5,279821,4315730,293,33335,Escherichia/Shigella,,245,,Absent,Absent,Present,Present,Present,Present,Present,Present,Absent,Absent,Absent,Absent,Absent,Absent,Present,Absent,Present,Present,Present,Present,Present,Present,Present,Present,Present,Present,Present,Present,Absent,Absent,Absent,Present,0,,,,,,-/1/34,1934,Stool
M60,8939_4#82,ERS179755,NCTC_M60,NCTC20036,50.55,279196,4328974,319,32128,Escherichia/Shigella,,1024,,Absent,Absent,Present,Present,Present,Present,Present,Present,Absent,Absent,Absent,Absent,Absent,Absent,Present,Absent,Present,Present,Present,Present,Present,Present,Present,Present,Present,Present,Present,Present,Absent,Absent,Absent,Present,1,ColpVC_1__JX133088,,,,,25/10/1918,1918,
M610,9471_7#4,ERS203115,NCTC_M610 6838816,NCTC20280,50.55,539963,4928023,235,74461,Escherichia/Shigella,,757,,Present,Present,Present,Present,Present,Present,Present,Present,Absent,Absent,Absent,Absent,Absent,Absent,Present,Absent,Present,Present,Present,Present,Present,Present,Present,Present,Present,Present,Present,Present,Absent,Absent,Absent,Present,1,IncB_O_K_Z_2_GU256641,,,,,,ND,Stool
M380,9776_2#33,ERS203049,NCTC_M380 6836911,NCTC20118,50.55,528576,5117840,177,103347,Escherichia/Shigella,,10,,Present,Absent,Present,Present,Present,Present,Present,Present,Absent,Absent,Absent,Absent,Absent,Absent,Present,Absent,Present,Present,Present,Present,Present,Present,Present,Present,Present,Present,Present,Present,Absent,Absent,Absent,Present,1,IncFII_1__AY458016,,,,,,ND,
M56,8939_4#66,ERS179739,NCTC_M56,NCTC20034,50.55,309580,4137368,266,32134,Escherichia/Shigella,,245,,Absent,Absent,Present,Present,Present,Present,Present,Present,Absent,Absent,Absent,Absent,Absent,Absent,Present,Absent,Present,Present,Present,Present,Present,Present,Present,Present,Present,Present,Present,Present,Absent,Absent,Absent,Present,1,IncX4_1__CP002895,,,,,07/09/1918,1918,
M648A,9471_7#60,ERS203171,NCTC_M648A 6838823,NCTC20302,50.55,419201,4872690,254,42080,Escherichia/Shigella,,ND,,Present,Absent,Present,Present,Present,Present,Present,Present,Absent,Absent,Absent,Absent,Absent,Absent,Present,Absent,Present,Present,Present,Present,Present,Present,Present,Present,Present,Present,Present,Present,Absent,Absent,Absent,Present,1,IncY_1__K02380,,,,,05/02/1934,1934,
M198,9803_5#30,ERS222769,NCTC_M198 7222991,NCTC20339,50.55,287615,4708182,359,30042,Escherichia/Shigella,,152,,Absent,Absent,Present,Present,Present,Present,Present,Present,Absent,Absent,Absent,Absent,Absent,Absent,Present,Absent,Present,Present,Present,Present,Present,Present,Present,Present,Present,Present,Present,Present,Absent,Absent,Absent,Present,4,Col_BS512__1__NC_010656,Col_BS512__1a__NC_010656,Col156_1__NC_009781,IncI1_1_Alpha_AP005147,,23/09/1937,1937,
M200,9803_5#37,ERS222776,NCTC_M200 7222980,NCTC20340,50.55,327670,4698026,359,29630,Escherichia/Shigella,,152,,Absent,Absent,Present,Present,Present,Present,Present,Present,Absent,Absent,Absent,Absent,Absent,Absent,Present,Absent,Present,Present,Present,Present,Present,Present,Present,Present,Present,Present,Present,Present,Absent,Absent,Absent,Present,4,Col_BS512__1__NC_010656,Col_BS512__1a__NC_010656,Col156_1__NC_009781,IncI1_1_Alpha_AP005147,,17/04/1954,1954,
M682,9471_7#48,ERS203159,NCTC_M682 6838869,NCTC20314,50.55,398385,5434207,321,57484,Escherichia/Shigella,,405,,Present,Absent,Present,Present,Present,Present,Present,Present,Absent,Absent,Absent,Absent,Absent,Absent,Present,Absent,Present,Present,Present,Present,Present,Present,Present,Present,Present,Present,Present,Present,Absent,Absent,Absent,Present,2,IncB_O_K_Z_2_GU256641,IncFII_29__1_pUTI89_CP003035,,,,05/02/1934,1934,
M250,9803_5#24,ERS222763,NCTC_M250 7223014,NCTC20353,50.55,262803,4700484,372,27831,Escherichia/Shigella,,152,,Absent,Absent,Present,Present,Present,Present,Present,Present,Absent,Absent,Absent,Absent,Absent,Absent,Present,Absent,Present,Present,Present,Present,Present,Present,Present,Present,Present,Present,Present,Present,Absent,Absent,Absent,Present,2,Col156_1__NC_009781,IncI1_1_Alpha_AP005147,,,,23/09/1937,1937,
M58,9471_7#40,ERS203151,NCTC_M58 6838868,NCTC20244,50.55,396747,4377359,280,37423,Escherichia/Shigella,,628,,Absent,Absent,Present,Present,Present,Present,Present,Present,Absent,Absent,Absent,Absent,Absent,Absent,Present,Absent,Present,Present,Present,Present,Present,Present,Present,Present,Present,Present,Present,Present,Absent,Absent,Absent,Present,0,,,,,,25/10/1918,1918,
M57,9471_7#44,ERS203155,NCTC_M57 6838821,NCTC20243,50.55,409755,4364407,328,28883,Escherichia/Shigella,,245,,Absent,Absent,Present,Present,Present,Present,Present,Present,Absent,Absent,Absent,Absent,Absent,Absent,Present,Absent,Present,Present,Present,Present,Present,Present,Present,Present,Present,Present,Present,Present,Absent,Absent,Absent,Present,0,,,,,,03/10/1919,1919,
M405,9471_7#93,ERS203204,NCTC_M405 6838839,NCTC20227,50.55,428393,4344301,309,33746,Escherichia/Shigella,,245,,Absent,Absent,Present,Present,Present,Present,Present,Present,Absent,Absent,Absent,Absent,Absent,Absent,Present,Absent,Present,Present,Present,Present,Present,Present,Present,Present,Present,Present,Present,Present,Absent,Absent,Absent,Present,0,,,,,,06/04/1925,1925,
M427,9776_2#49,ERS203065,NCTC_M427 6836913,NCTC20131,50.55,486521,4549862,75,116421,Escherichia/Shigella,,641,,Present,Absent,Present,Present,Present,Present,Present,Present,Absent,Absent,Absent,Absent,Absent,Absent,Present,Absent,Present,Present,Present,Present,Present,Present,Present,Present,Present,Present,Present,Present,Absent,Absent,Absent,Present,0,,,,,,04/04/1930,1930,
M237,9803_5#3,ERS222742,NCTC_M237 7222952,NCTC20347,50.55,336513,4275399,386,22804,Escherichia/Shigella,,145,,Absent,Absent,Present,Present,Present,Present,Present,Present,Absent,Absent,Absent,Absent,Absent,Absent,Absent,Absent,Present,Present,Present,Present,Present,Present,Present,Present,Present,Present,Present,Present,Absent,Absent,Absent,Present,0,,,,,,10/03/1943,1943,
M289,9803_5#45,ERS222784,NCTC_M289 7222981,NCTC20357,50.55,336450,4192790,249,37817,Escherichia/Shigella,,245,,Absent,Absent,Present,Present,Present,Present,Present,Present,Absent,Absent,Absent,Absent,Absent,Absent,Present,Absent,Present,Present,Present,Present,Present,Present,Present,Present,Present,Present,Present,Present,Absent,Absent,Absent,Present,0,,,,,,2-/5/34,1934,
M249,9803_5#5,ERS222744,NCTC_M249 7222976,NCTC20352,50.55,326541,4201746,266,33766,Escherichia/Shigella,,245,,Absent,Absent,Present,Present,Present,Present,Present,Present,Absent,Absent,Absent,Absent,Absent,Absent,Present,Absent,Present,Present,Present,Present,Present,Present,Present,Present,Present,Present,Present,Present,Absent,Absent,Absent,Present,0,,,,,,07/09/1918,1918,
M35,9803_5#53,ERS222792,NCTC_M35 7222982,NCTC20320,50.55,317792,4134611,261,33747,Escherichia/Shigella,,245,,Absent,Absent,Present,Present,Present,Present,Present,Present,Absent,Absent,Absent,Absent,Absent,Absent,Present,Absent,Present,Present,Present,Present,Present,Present,Present,Present,Present,Present,Present,Present,Absent,Absent,Absent,Present,0,,,,,,07/09/1918,1918,
M111,9803_5#65,ERS222804,NCTC_M111 7222936,NCTC20323,50.55,282939,4194127,272,33309,Escherichia/Shigella,,245,,Absent,Absent,Present,Present,Present,Present,Present,Present,Absent,Absent,Absent,Absent,Absent,Absent,Present,Absent,Present,Present,Present,Present,Present,Present,Present,Present,Present,Present,Present,Present,Absent,Absent,Absent,Present,0,,,,,,06/09/1918,1918,
M113,9803_5#7,ERS222746,NCTC_M113 7223000,NCTC20324,50.55,319252,4251622,270,35157,Escherichia/Shigella,,245,,Absent,Absent,Present,Present,Present,Present,Present,Present,Absent,Absent,Absent,Absent,Absent,Absent,Present,Absent,Present,Present,Present,Present,Present,Present,Present,Present,Present,Present,Present,Present,Absent,Absent,Absent,Present,0,,,,,,21/10/1924,1924,
M231,9803_5#72,ERS222811,NCTC_M231 7223020,NCTC20344,50.55,261154,4332670,277,31448,Escherichia/Shigella,,631,,Absent,Absent,Present,Present,Present,Present,Present,Present,Absent,Absent,Absent,Absent,Absent,Absent,Present,Absent,Present,Present,Present,Present,Present,Present,Present,Present,Present,Present,Present,Present,Absent,Absent,Absent,Present,0,,,,,,13/08/1921,1921,
M184,9803_5#78,ERS222817,NCTC_M184,NCTC20334 ,50.55,268963,4290228,288,30013,Escherichia/Shigella,,245,,Absent,Absent,Present,Present,Present,Present,Present,Present,Absent,Absent,Absent,Absent,Absent,Absent,Present,Absent,Present,Present,Present,Present,Present,Present,Present,Present,Present,Present,Present,Present,Absent,Absent,Absent,Present,0,,,,,,12/06/1918,1918,
M639,9803_5#27,ERS222766,NCTC_M639 7222955,NCTC20385,50.6,316703,4456101,332,28867,Escherichia/Shigella,,152,,Absent,Absent,Present,Present,Present,Present,Present,Present,Absent,Absent,Absent,Absent,Absent,Absent,Present,Absent,Present,Present,Present,Present,Present,Present,Present,Present,Present,Present,Present,Present,Absent,Absent,Absent,Present,3,Col_BS512__1__NC_010656,Col_BS512__1a__NC_010656,Col156_1__NC_009781,,,16/03/1937,1937,
M669,9803_5#55,ERS222794,NCTC_M669 7223006,NCTC20389,50.6,322306,4703834,357,29083,Escherichia/Shigella,,152,,Absent,Absent,Present,Present,Present,Present,Present,Present,Absent,Absent,Absent,Absent,Absent,Absent,Present,Absent,Present,Present,Present,Present,Present,Present,Present,Present,Present,Present,Present,Present,Absent,Absent,Absent,Present,4,Col_BS512__1__NC_010656,Col_BS512__1a__NC_010656,Col156_1__NC_009781,IncI1_1_Alpha_AP005147,,23/09/1937,1937,
M562,9803_5#61,ERS222800,NCTC_M562 7222983,NCTC20377,50.6,308210,4690374,368,26713,Escherichia/Shigella,,152,,Absent,Absent,Present,Present,Present,Present,Present,Present,Absent,Absent,Absent,Absent,Absent,Absent,Present,Absent,Present,Present,Present,Present,Present,Present,Present,Present,Present,Present,Present,Present,Absent,Absent,Absent,Present,4,Col_BS512__1__NC_010656,Col_BS512__1a__NC_010656,Col156_1__NC_009781,IncI1_1_Alpha_AP005147,,16/03/1937,1937,
M390,9776_2#40,ERS203056,NCTC_M390 6836995,NCTC20122,50.6,492273,4895297,253,55159,Escherichia/Shigella,,120,,Present,Present,Present,Present,Present,Present,Present,Present,Absent,Absent,Absent,Absent,Absent,Absent,Present,Absent,Present,Present,Present,Present,Present,Present,Present,Present,Present,Present,Present,Present,Absent,Absent,Absent,Present,4,Col156_1__NC_009781,IncB_O_K_Z_2_GU256641,IncFIA_1__AP001918,IncFIC_FII__1__AP001918,,14/03/1939,1939,
M563,9803_5#68,ERS222807,NCTC_M563 7222972,NCTC20378,50.6,271848,4640090,334,31532,Escherichia/Shigella,,1502,,Absent,Absent,Present,Present,Present,Present,Present,Present,Absent,Absent,Absent,Absent,Absent,Absent,Present,Absent,Present,Present,Present,Present,Present,Present,Present,Present,Present,Present,Present,Present,Absent,Absent,Absent,Present,3,Col156_1__NC_009781,IncFII_1__AY458016,IncI2_1_Delta_AP002527,,,16/03/1937,1937,
M162,8939_4#46,ERS179719,NCTC_M162,NCTC20069,50.6,306502,4296798,274,33772,Escherichia/Shigella,,245,,Absent,Absent,Present,Present,Present,Present,Present,Present,Absent,Absent,Absent,Absent,Absent,Absent,Present,Absent,Present,Present,Present,Present,Present,Present,Present,Present,Present,Present,Present,Present,Absent,Absent,Absent,Present,0,,,,,,20/09/1940,1940,
M144,8939_4#85,ERS179758,NCTC_M144,NCTC20064,50.6,282511,4889348,107,115810,Escherichia/Shigella,,23,,Present,Absent,Present,Present,Present,Present,Present,Present,Absent,Absent,Absent,Absent,Absent,Absent,Present,Absent,Present,Present,Present,Present,Present,Present,Present,Present,Present,Present,Present,Present,Absent,Absent,Absent,Present,0,,,,,,05/04/1940,1940,Appendix abscess
M33,9803_5#11,ERS222750,NCTC_M33 7222953,NCTC20318,50.6,329865,4189174,274,34298,Escherichia/Shigella,,245,,Absent,Absent,Present,Present,Present,Present,Present,Present,Absent,Absent,Absent,Absent,Absent,Absent,Present,Absent,Present,Present,Present,Present,Present,Present,Present,Present,Present,Present,Present,Present,Absent,Absent,Absent,Present,0,,,,,,07/08/1918,1918,
M411,9803_5#33,ERS222772,NCTC_M411 7222932,NCTC20372,50.6,341376,4290643,279,33765,Escherichia/Shigella,,245,,Absent,Absent,Present,Present,Present,Present,Present,Present,Absent,Absent,Absent,Absent,Absent,Absent,Present,Absent,Present,Present,Present,Present,Present,Present,Present,Present,Present,Present,Present,Present,Absent,Absent,Absent,Present,0,,,,,,30/12/1931,1931,Stool
M161,9803_5#35,ERS222774,NCTC_M161 7222956,NCTC20328,50.6,327122,4326926,272,35168,Escherichia/Shigella,,245,,Absent,Absent,Present,Present,Present,Present,Present,Present,Absent,Absent,Absent,Absent,Absent,Absent,Present,Absent,Present,Present,Present,Present,Present,Present,Present,Present,Present,Present,Present,Present,Absent,Absent,Absent,Present,0,,,,,,15/07/1919,1919,
M413,9803_5#40,ERS222779,NCTC_M413 7223016,NCTC20373,50.6,273310,4128717,261,32316,Escherichia/Shigella,,245,,Absent,Absent,Present,Present,Present,Present,Present,Present,Absent,Absent,Absent,Absent,Absent,Absent,Present,Absent,Present,Present,Present,Present,Present,Present,Present,Present,Present,Present,Present,Present,Absent,Absent,Absent,Present,0,,,,,,30/12/1931,1931,Stool
M378,9803_5#46,ERS222785,NCTC_M378 7222993,NCTC20368,50.6,289435,4065903,256,32313,Escherichia/Shigella,,245,,Absent,Absent,Present,Present,Present,Present,Present,Present,Absent,Absent,Absent,Absent,Absent,Absent,Present,Absent,Present,Present,Present,Present,Present,Present,Present,Present,Present,Present,Present,Present,Absent,Absent,Absent,Present,0,,,,,,07/09/1918,1918,
M36,9803_5#25,ERS222764,NCTC_M36 7222931,NCTC20321,50.65,325611,4228905,255,34691,Escherichia/Shigella,,1024,,Absent,Absent,Present,Present,Present,Present,Present,Present,Absent,Absent,Absent,Absent,Absent,Absent,Present,Absent,Present,Present,Present,Present,Present,Present,Present,Present,Present,Present,Present,Present,Absent,Absent,Absent,Present,1,ColpVC_1__JX133088,,,,,12/06/1918,1918,
M611B,9471_7#2,ERS203113,NCTC_M611B 6838792,NCTC20282,50.65,509395,4958855,239,66631,Escherichia/Shigella,,757,,Present,Present,Present,Present,Present,Present,Present,Present,Absent,Absent,Absent,Absent,Absent,Absent,Present,Absent,Present,Present,Present,Present,Present,Present,Present,Present,Present,Present,Present,Present,Absent,Absent,Absent,Present,1,IncB_O_K_Z_2_GU256641,,,,,,ND,
M611A,9471_7#3,ERS203114,NCTC_M611A 6838804,NCTC20281,50.65,538599,4970776,228,67981,Escherichia/Shigella,,757,,Present,Present,Present,Present,Present,Present,Present,Present,Absent,Absent,Absent,Absent,Absent,Absent,Present,Absent,Present,Present,Present,Present,Present,Present,Present,Present,Present,Present,Present,Present,Absent,Absent,Absent,Present,1,IncB_O_K_Z_2_GU256641,,,,,,ND,
M666,9803_5#48,ERS222787,NCTC_M666 7223017,NCTC20388,50.65,271105,4565023,338,32508,Escherichia/Shigella,,152,,Absent,Absent,Present,Present,Present,Present,Present,Present,Absent,Absent,Absent,Absent,Absent,Absent,Present,Absent,Present,Present,Present,Present,Present,Present,Present,Present,Present,Present,Present,Present,Absent,Absent,Absent,Present,5,Col_BS512__1__NC_010656,Col_BS512__1a__NC_010656,Col156_1__NC_009781,Col8282_1__DQ995353,IncX4_1__CP002895,02/04/1937,1937,
M628,9803_5#20,ERS222759,NCTC_M628 7222966,NCTC20384,50.65,278364,4695616,354,28430,Escherichia/Shigella,,152,,Absent,Absent,Present,Present,Present,Present,Present,Present,Absent,Absent,Absent,Absent,Absent,Absent,Present,Absent,Present,Present,Present,Present,Present,Present,Present,Present,Present,Present,Present,Present,Absent,Absent,Absent,Present,4,Col_BS512__1__NC_010656,Col_BS512__1a__NC_010656,Col156_1__NC_009781,IncI1_1_Alpha_AP005147,,,ND,Stool; not agglut. by pooled serum 
M294,9803_5#52,ERS222791,NCTC_M294 7222970,NCTC20358,50.65,283302,4650354,357,29752,Escherichia/Shigella,,152,,Absent,Absent,Present,Present,Present,Present,Present,Present,Absent,Absent,Absent,Absent,Absent,Absent,Present,Absent,Present,Present,Present,Present,Present,Present,Present,Present,Present,Present,Present,Present,Absent,Absent,Absent,Present,4,Col_BS512__1__NC_010656,Col_BS512__1a__NC_010656,Col156_1__NC_009781,IncI1_1_Alpha_AP005147,,02/04/1937,1937,
M64,8939_4#90,ERS179763,NCTC_M64,NCTC20037,50.65,305091,4272543,280,31306,Escherichia/Shigella,,245,,Absent,Absent,Present,Present,Present,Present,Present,Present,Absent,Absent,Absent,Absent,Absent,Absent,Present,Absent,Present,Present,Present,Present,Present,Present,Present,Present,Present,Present,Present,Present,Absent,Absent,Absent,Present,0,,,,,,15/07/1919,1919,
M52,8939_4#50,ERS179723,NCTC_M52,NCTC20032,50.7,300303,4241002,274,33332,Escherichia/Shigella,,1024,,Absent,Absent,Present,Present,Present,Present,Present,Present,Absent,Absent,Absent,Absent,Absent,Absent,Present,Absent,Present,Present,Present,Present,Present,Present,Present,Present,Present,Present,Present,Present,Absent,Absent,Absent,Present,1,ColpVC_1__JX133088,,,,,27/08/1918,1918,
M232,9471_7#87,ERS203198,NCTC_M232 6838862,NCTC20215,50.7,390546,4221975,292,35091,Escherichia/Shigella,,245,,Absent,Absent,Present,Present,Present,Present,Present,Present,Absent,Absent,Absent,Absent,Absent,Absent,Present,Absent,Present,Present,Present,Present,Present,Present,Present,Present,Present,Present,Present,Present,Absent,Absent,Absent,Present,1,ColpVC_1__JX133088,,,,,13/08/1921,1921,Stool
M195,9803_5#16,ERS222755,NCTC_M195 7223013,NCTC20337,50.7,297814,4238794,366,23091,Escherichia/Shigella,,145,,Present,Absent,Present,Present,Present,Present,Present,Present,Absent,Absent,Absent,Absent,Absent,Absent,Absent,Absent,Present,Present,Present,Present,Present,Present,Present,Present,Present,Present,Present,Present,Absent,Absent,Absent,Present,1,ColpVC_1__JX133088,,,,,07/10/1940,1940,
M442,9803_5#54,ERS222793,NCTC_M442 7222994,NCTC20375,50.7,333975,4381887,268,36827,Escherichia/Shigella,,245,,Absent,Absent,Present,Present,Present,Present,Present,Present,Absent,Absent,Absent,Absent,Absent,Absent,Present,Absent,Present,Present,Present,Present,Present,Present,Present,Present,Present,Present,Present,Present,Absent,Absent,Absent,Present,1,ColpVC_1__JX133088,,,,,02/03/1932,1932,
M607,9803_5#75,ERS222814,NCTC_M607 7222961,NCTC20380,50.7,276204,4226072,264,33338,Escherichia/Shigella,,1024,,Absent,Absent,Present,Present,Present,Present,Present,Present,Absent,Absent,Absent,Absent,Absent,Absent,Present,Absent,Present,Present,Present,Present,Present,Present,Present,Present,Present,Present,Present,Present,Absent,Absent,Absent,Present,1,ColpVC_1__JX133088,,,,,17/05/1934,1934,
M235,9803_5#79,ERS222818,NCTC_M235 7223009,NCTC20346,50.7,283949,4230091,273,33764,Escherichia/Shigella,,1024,,Absent,Absent,Present,Present,Present,Present,Present,Present,Absent,Absent,Absent,Absent,Absent,Absent,Present,Absent,Present,Present,Present,Present,Present,Present,Present,Present,Present,Present,Present,Present,Absent,Absent,Absent,Present,1,ColpVC_1__JX133088,,,,,02/05/1921,1921,
M653,9803_5#34,ERS222773,NCTC_M653 7222944,NCTC20386,50.7,285931,4594043,358,27704,Escherichia/Shigella,,152,,Absent,Absent,Present,Present,Present,Present,Present,Present,Absent,Absent,Absent,Absent,Absent,Absent,Present,Absent,Present,Present,Present,Present,Present,Present,Present,Present,Present,Present,Present,Present,Absent,Absent,Absent,Present,3,Col_BS512__1__NC_010656,Col_BS512__1a__NC_010656,Col156_1__NC_009781,,,23/09/1937,1937,
M239,9803_5#10,ERS222749,NCTC_M239 7222941,NCTC20348,50.7,319611,4692975,361,26886,Escherichia/Shigella,,152,,Absent,Absent,Present,Present,Present,Present,Present,Present,Absent,Absent,Absent,Absent,Absent,Absent,Present,Absent,Present,Present,Present,Present,Present,Present,Present,Present,Present,Present,Present,Present,Absent,Absent,Absent,Present,4,Col_BS512__1__NC_010656,Col_BS512__1a__NC_010656,Col156_1__NC_009781,IncI1_1_Alpha_AP005147,,23/09/1937,1937,
M245,9803_5#17,ERS222756,NCTC_M245 7222930,NCTC20351,50.7,366189,4670192,333,29628,Escherichia/Shigella,,152,,Absent,Absent,Present,Present,Present,Present,Present,Present,Absent,Absent,Absent,Absent,Absent,Absent,Present,Absent,Present,Present,Present,Present,Present,Present,Present,Present,Present,Present,Present,Present,Absent,Absent,Absent,Present,4,Col_BS512__1__NC_010656,Col_BS512__1a__NC_010656,Col156_1__NC_009781,IncI1_1_Alpha_AP005147,,23/09/1937,1937,
M389,9776_2#39,ERS203055,NCTC_M389 6836983,NCTC20121,50.7,532926,4741401,184,58054,Escherichia/Shigella,,120,,Present,Present,Present,Present,Present,Present,Present,Present,Absent,Absent,Absent,Absent,Absent,Absent,Present,Absent,Present,Present,Present,Present,Present,Present,Present,Present,Present,Present,Present,Present,Absent,Absent,Absent,Present,4,Col156_1__NC_009781,IncB_O_K_Z_2_GU256641,IncFIA_1__AP001918,IncFIC_FII__1__AP001918,,14/03/1939,1939,
M617,9776_2#91,ERS203107,NCTC_M617 6836942,NCTC20288,50.7,530840,4629079,208,57904,Escherichia/Shigella,,120,,Absent,Present,Present,Present,Present,Present,Present,Present,Absent,Absent,Absent,Absent,Absent,Absent,Present,Absent,Present,Present,Present,Present,Present,Present,Present,Present,Present,Present,Present,Present,Absent,Absent,Absent,Present,2,IncFIA_1__AP001918,IncFIC_FII__1__AP001918,,,,14/03/1939,1939,
M608,9803_5#82,ERS222821,NCTC_M608 7222950,NCTC20381,50.7,273327,4595165,354,29107,Escherichia/Shigella,,152,,Absent,Absent,Present,Present,Present,Present,Present,Present,Absent,Absent,Absent,Absent,Absent,Absent,Present,Absent,Present,Present,Present,Present,Present,Present,Present,Present,Present,Present,Present,Present,Absent,Absent,Absent,Present,2,Col156_1__NC_009781,IncI1_1_Alpha_AP005147,,,,02/12/1939,1939,
M193,9803_5#9,ERS222748,NCTC_M193 7222929,NCTC20336,50.7,306577,4576807,263,41686,Escherichia/Shigella,,628,,Absent,Absent,Present,Present,Present,Present,Present,Present,Absent,Absent,Absent,Absent,Absent,Absent,Present,Absent,Present,Present,Present,Present,Present,Present,Present,Present,Present,Present,Present,Present,Absent,Absent,Absent,Present,1,IncFII_1__AY458016,,,,,08/04/1925,1925,
M51,8939_4#42,ERS179715,NCTC_M51,NCTC20031,50.7,286690,4144436,273,32316,Escherichia/Shigella,,245,,Absent,Absent,Present,Present,Present,Present,Present,Present,Absent,Absent,Absent,Absent,Absent,Absent,Present,Absent,Present,Present,Present,Present,Present,Present,Present,Present,Present,Present,Present,Present,Absent,Absent,Absent,Present,0,,,,,,04/02/1918,1918,
M319,9803_5#80,ERS222819,NCTC_M319 7223021,NCTC20361,50.7,289124,4247697,374,22301,Escherichia/Shigella,,145,,Present,Absent,Present,Present,Present,Present,Present,Present,Absent,Absent,Absent,Absent,Absent,Absent,Absent,Absent,Present,Present,Present,Present,Present,Present,Present,Present,Present,Present,Present,Present,Absent,Absent,Absent,Present,0,,,,,,08/01/1940,1940,
M428,9471_7#95,ERS203206,NCTC_M428 6838863,NCTC20230,50.75,417449,4371985,292,34211,Escherichia/Shigella,,245,,Absent,Absent,Present,Present,Present,Present,Present,Present,Absent,Absent,Absent,Absent,Absent,Absent,Present,Absent,Present,Present,Present,Present,Present,Present,Present,Present,Present,Present,Present,Present,Absent,Absent,Absent,Present,1,ColpVC_1__JX133088,,,,,02/03/1932,1932,
M262,9803_5#38,ERS222777,NCTC_M262 7222992,NCTC20355,50.75,294319,4193034,266,35875,Escherichia/Shigella,,1024,,Absent,Absent,Present,Present,Present,Present,Present,Present,Absent,Absent,Absent,Absent,Absent,Absent,Present,Absent,Present,Present,Present,Present,Present,Present,Present,Present,Present,Present,Present,Present,Absent,Absent,Absent,Present,1,ColpVC_1__JX133088,,,,,06/04/1925,1925,
M612,9471_7#1,ERS203112,NCTC_M612 6838780,NCTC20283,50.75,515225,4901739,211,65189,Escherichia/Shigella,,757,,Present,Absent,Present,Present,Present,Present,Present,Present,Absent,Absent,Absent,Absent,Absent,Absent,Present,Absent,Present,Present,Present,Present,Present,Present,Present,Present,Present,Present,Present,Present,Absent,Absent,Absent,Present,1,IncB_O_K_Z_2_GU256641,,,,,,ND,
M609,9471_7#5,ERS203116,NCTC_M609 6838828,NCTC20279,50.75,498262,4940494,280,70921,Escherichia/Shigella,,757,,Present,Absent,Present,Present,Present,Present,Present,Present,Absent,Absent,Absent,Absent,Absent,Absent,Present,Absent,Present,Present,Present,Present,Present,Present,Present,Present,Present,Present,Present,Present,Absent,Absent,Absent,Present,1,IncB_O_K_Z_2_GU256641,,,,,,ND,Stool
M368,9803_5#69,ERS222808,NCTC_M368 7222984,NCTC20367,50.75,303435,4745588,360,29207,Escherichia/Shigella,,152,,Absent,Absent,Present,Present,Present,Present,Present,Present,Absent,Absent,Absent,Absent,Absent,Absent,Present,Absent,Present,Present,Present,Present,Present,Present,Present,Present,Present,Present,Present,Present,Absent,Absent,Absent,Present,5,Col_BS512__1__NC_010656,Col_BS512__1a__NC_010656,Col156_1__NC_009781,IncB_O_K_Z_2_GU256641,IncI1_1_Alpha_AP005147,02/04/1937,1937,Claire Fitzgerald
M224,9803_5#51,ERS222790,NCTC_M224 7222958,NCTC20342,50.75,303432,4713082,356,28434,Escherichia/Shigella,,152,,Absent,Absent,Present,Present,Present,Present,Present,Present,Absent,Absent,Absent,Absent,Absent,Absent,Present,Absent,Present,Present,Present,Present,Present,Present,Present,Present,Present,Present,Present,Present,Absent,Absent,Absent,Present,4,Col_BS512__1__NC_010656,Col_BS512__1a__NC_010656,Col156_1__NC_009781,IncI1_1_Alpha_AP005147,,23/09/1937,1937,
M623,9803_5#6,ERS222745,NCTC_M623 7222988,NCTC20382,50.75,289992,4587728,356,26606,Escherichia/Shigella,,152,,Absent,Absent,Present,Present,Present,Present,Present,Present,Absent,Absent,Absent,Absent,Absent,Absent,Present,Absent,Present,Present,Present,Present,Present,Present,Present,Present,Present,Present,Present,Present,Absent,Absent,Absent,Present,4,Col_BS512__1__NC_010656,Col_BS512__1a__NC_010656,Col156_1__NC_009781,IncI1_1_Alpha_AP005147,,16/03/1937,1937,
M331,9776_2#23,ERS203039,NCTC_M331 6836981,NCTC20108,50.75,517514,4773139,107,124756,Escherichia/Shigella,,540,,Present,Absent,Present,Present,Present,Present,Present,Present,Absent,Absent,Absent,Absent,Absent,Absent,Absent,Absent,Present,Present,Present,Present,Present,Present,Present,Present,Present,Present,Present,Present,Absent,Absent,Absent,Present,2,IncFIA_HI1__1_HI1_AF250878,IncR_1__DQ449578,,,,05/02/1934,1934,Stool
M159,9471_7#83,ERS203194,NCTC_M159 6838814,NCTC20198,50.75,407943,3820214,495,15102,Escherichia/Shigella,,260,,Present,Absent,Present,Present,Present,Present,Present,Present,Absent,Absent,Absent,Absent,Absent,Absent,Absent,Absent,Present,Present,Absent,Present,Present,Present,Present,Present,Present,Absent,Absent,Absent,Absent,Absent,Absent,Present,0,,,,,,12/05/1919,1919,
M393,9803_5#26,ERS222765,NCTC_M393 7222943,NCTC20370,50.85,320580,4597752,341,29718,Escherichia/Shigella,,152,,Absent,Absent,Present,Present,Present,Present,Present,Present,Absent,Absent,Absent,Absent,Absent,Absent,Present,Absent,Present,Present,Present,Present,Present,Present,Present,Present,Present,Present,Present,Present,Absent,Absent,Absent,Present,4,Col_BS512__1__NC_010656,Col_BS512__1a__NC_010656,Col156_1__NC_009781,IncB_O_K_Z_2_GU256641,,02/04/1937,1937,
M676,9471_7#53,ERS203164,NCTC_M676 6838834,NCTC20309,50.95,440724,4171342,210,48161,Escherichia/Shigella,,ND,,Present,Present,Present,Present,Present,Present,Present,Present,Absent,Absent,Absent,Absent,Absent,Absent,Present,Absent,Present,Present,Present,Present,Present,Present,Present,Present,Present,Present,Present,Present,Absent,Absent,Absent,Present,2,IncFIA_HI1__1_HI1_AF250878,IncFIB_K__1_Kpn3_JN233704,,,,,ND,Stool
